cuisine_encoded,temperature_F,precipitation,humidity,wind_speed
208,37.0,0.0,65.66850828729282,31.484
214,32.0,0.0,54.0,16.02154716981132
137,33.0,0.0,39.0,20.372
214,35.0,13.0,65.66850828729282,20.372
173,63.0,0.0,29.0,16.02154716981132
