cuisine_encoded,temperature_F,precipitation,humidity,wind_speed
218,62.0,0.0,81.0,9.26
214,33.0,10.0,56.0,16.02154716981132
198,36.0,0.0,65.66850828729282,16.02154716981132
122,36.0,0.0,67.0,16.02154716981132
125,28.0,0.0,81.0,12.964
